StoreName,StoreType,StoreOpeningDate,Address,City,State,Country,Region,Manager Name
The Serene Haven,SMB,1985-05-31,67048 Morales Pass East Alan  AL 63762,Mcdowellburgh,Missouri,Latvia,South,Robert
The Happy Elegance,Outlet Stores,2016-02-08,1257 Jessica Flats Adrianshire  VA 42486,Rebeccamouth,Missouri,Guam,North,Debra
The Polished Shoppe,Exclusive,2015-03-14,685 Gray Brooks Kennethhaven  FL 29662,Lake Gabrielle,Colorado,Djibouti,West,Mary
The Serene Treasures,MBO,1990-08-26,59496 Coleman Corners Apt. 573 Maddenport  MI 13913,Bentleyton,Texas,Vanuatu,North,Erika
The Enchanted Marvels,SMB,2007-12-13,Unit 4377 Box 0722 DPO AE 71675,Bakerville,Pennsylvania,Antigua and Barbuda,West,Valerie
The Vintage Hub,Exclusive,1970-02-22,463 Stacey Coves Apt. 574 Jessicaborough  OR 83301,New Michaelport,Oregon,Iceland,East,Andrew
The Majestic Marvels,Exclusive,2013-07-17,671 Brown Walk Suite 004 North Maurice  TN 31896,Jessefort,Iowa,Honduras,West,Dawn
The Polished Deals,SMB,1979-06-26,USNV Castro FPO AE 02002,North Leslieburgh,West Virginia,Fiji,East,Jeffrey
The Elegant Corner,SMB,1995-02-13,Unit 4027 Box 5005 DPO AE 07536,New Katiemouth,South Carolina,Trinidad and Tobago,North,Crystal
The Harmony Avenue,Exclusive,1997-06-13,8147 Warren Orchard Murrayside  AK 94059,Port Daltonberg,Nevada,Maldives,West,Michael
The Blissful Treasures,SMB,2013-10-01,0063 Linda Highway Davidville  NM 33278,Jodifurt,Michigan,Bolivia,South,Jamie
The Vintage Creations,Exclusive,1997-05-11,81685 Heather Lane Port Donaldbury  KY 13682,South Patrickbury,Indiana,Christmas Island,West,Anthony
The Artisan Corner,Exclusive,1994-09-18,936 James Path Suite 794 North Patrick  AR 36076,Jonesside,Nebraska,Hong Kong,South,Trevor
The Serene Hub,Outlet Stores,2023-03-25,112 Kimberly Unions Apt. 417 Daughertybury  AS 55817,South Kevin,Louisiana,Lebanon,West,Christina
The Serene Emporium,MBO,1993-11-22,87605 Johnson Oval Port Jenna  DE 37148,South Amyside,Hawaii,Bangladesh,East,Alexis
The Stylish Essentials,Outlet Stores,1974-04-07,321 Teresa Greens West Stephanie  MA 22314,South Loriview,New York,Bahamas,East,Rebecca
The Rustic Essentials,Outlet Stores,2013-06-24,18568 Sanders Spur Markmouth  NY 16108,Williamsonmouth,Mississippi,Sri Lanka,East,Benjamin
The Urban Treasures,Outlet Stores,2005-02-04,739 William Center Amytown  NC 17114,Port Rachelchester,Arizona,Svalbard & Jan Mayen Islands,East,Tina
The Elegant Haven,Outlet Stores,2014-01-31,167 Anita Lane Feliciaside  PW 89164,Johnsonborough,North Carolina,Bolivia,West,Anthony
The Elegant Closet,MBO,2008-10-18,447 Rich Mountain Garciatown  VT 81718,East Tina,Missouri,Moldova,North,Bryan
The Shimmer Deals,Outlet Stores,2024-02-25,858 Pierce Lock Apt. 469 Rachelfurt  RI 24447,Donaldmouth,Idaho,Egypt,West,Michael
The Trendy Sanctuary,MBO,2008-08-07,119 Shannon Place Suite 270 Willieview  MA 07389,Jenkinschester,Alaska,Mauritius,South,Lisa
The Eclectic Marketplace,Outlet Stores,2020-05-01,46191 Marissa Throughway Suite 178 South Masonstad  CT 30061,Danielborough,Nevada,British Indian Ocean Territory (Chagos Archipelago),South,Robin
The Vintage Avenue,Exclusive,2021-01-02,143 Alex Forges Apt. 173 Baileyview  GU 49982,Ashleyside,Alaska,South Africa,West,Joseph
The Classy Marvels,SMB,2021-08-07,PSC 2119  Box 6227 APO AP 51598,Lake William,Kentucky,Iceland,West,Amy
The Radiant Shoppe,MBO,1981-06-19,559 Stewart Shoals Suite 879 West Colleen  MN 09846,South Saraville,New Mexico,Netherlands Antilles,East,Christopher
The Purely Boutique,Exclusive,1973-07-07,0735 King Gardens West Daltontown  VI 87996,Zunigamouth,California,Palau,North,David
The Unique Hub,SMB,1983-12-14,34774 Fowler Gateway Apt. 893 North Ericchester  LA 85627,West Rebecca,West Virginia,Reunion,West,Angela
The Vintage Shop,Outlet Stores,1985-03-02,999 Li Route South Troyville  IN 38068,Justinside,Alaska,Netherlands Antilles,North,Ashley
The Polished Avenue,SMB,1986-11-02,39248 Wagner Mills Woodport  NY 11897,South Kristinbury,Connecticut,Botswana,West,Justin
The Shimmer Oasis,Outlet Stores,1996-04-08,8359 Contreras Tunnel West Karen  MN 51260,North Gilbert,Hawaii,Madagascar,North,Daniel
The Dapper Quest,MBO,2000-09-24,301 Tammy Park North Amanda  NY 24162,Shellyside,Arizona,Brazil,North,John
The Modern Creations,MBO,1985-06-08,0287 Edward Skyway Suite 126 Sylviaville  AK 70738,Farleyview,Delaware,Bahrain,South,Amanda
The Cozy Deals,Exclusive,2021-09-09,78954 Charles Port Suite 584 Lake Michaelshire  OR 29047,South Kimberly,Wisconsin,Cote d'Ivoire,South,Robert
The Chic Sanctuary,Outlet Stores,1984-11-25,USNS Murphy FPO AP 25349,Robertland,Utah,Saint Martin,East,Paula
The Artisan Quest,SMB,2013-11-30,4994 Richard Avenue Apt. 270 Carriemouth  IA 99282,New Michaela,Colorado,Dominica,North,Tracey
The Blissful Corner,SMB,2019-09-30,874 Jill Pike Walkerchester  PA 48772,Lake Danielle,Tennessee,Portugal,North,Danielle
The Unique Marvels,SMB,1991-01-19,36579 Amanda Fort New Mark  CO 14890,Lake Jennifer,Florida,Micronesia,North,Jonathan
The Trendy Nook,MBO,1989-10-02,9617 Mitchell Lake Suite 345 New Reginashire  AS 34849,Robertview,Massachusetts,Guinea-Bissau,North,Kathy
The Unique Boutique,SMB,2017-10-20,085 Russell Corners Apt. 755 New Donaldside  RI 83819,New Emily,Vermont,Saint Pierre and Miquelon,East,Amanda
The Artisan Emporium,Exclusive,2003-05-19,440 Jorge Streets Tracyfort  OR 51209,Adkinsville,Arizona,Haiti,East,Bradley
The Polished Nook,MBO,2005-04-28,926 Miller Mount West Christineberg  GU 03215,West Lauren,Louisiana,Dominica,North,Michael
The Luxe Elegance,SMB,2019-08-23,7415 Suzanne River Apt. 012 Port Jason  LA 98424,New Amanda,Oregon,Guam,South,Christopher
The Enchanted Essentials,Outlet Stores,1981-01-04,374 Stokes Shore Suite 292 South Barbarachester  NE 35338,Schultzchester,Illinois,Lesotho,South,Christina
The Stylish Marvels,MBO,2021-04-08,222 Matthew View Apt. 846 East Jennifertown  HI 02686,Mitchellside,New Hampshire,Peru,East,Kathleen
The Urban Avenue,SMB,2016-06-09,09397 Timothy Parks East Christinachester  MI 53219,North Dianafurt,Nevada,Benin,East,Nicole
The Urban Marketplace,MBO,1975-01-25,45528 Brown Trafficway Apt. 022 South Codyville  FM 97983,East Rogerview,Tennessee,Saint Kitts and Nevis,West,Jacqueline
The Urban Elegance,Outlet Stores,1993-01-31,577 Patricia Mount Suite 069 Port Andreamouth  MP 72693,South Nathan,Montana,Zimbabwe,East,Noah
The Modern Haven,Exclusive,1994-11-18,63296 Cynthia Stream North Christophermouth  LA 13951,New Frank,Connecticut,Brunei Darussalam,North,Margaret
The Artisan Perfection,Outlet Stores,1983-01-19,USNV Rogers FPO AE 19227,Andersonfort,Iowa,Papua New Guinea,West,Lisa
The Majestic Reflections,SMB,2000-02-16,920 Laura Hills Apt. 811 Lynchbury  VA 30111,Port Johnfort,Oregon,Cote d'Ivoire,North,Deborah
The Chic Emporium,Outlet Stores,2022-01-30,52254 Fuller Park Apt. 782 Smithstad  MI 02227,Port Cassiefurt,Illinois,Samoa,West,David
The Purely Corner,MBO,2005-08-31,360 Kimberly Parks Suite 910 Castanedamouth  SC 06709,Ellistown,Oregon,Libyan Arab Jamahiriya,East,Gabrielle
The Elegant Treasures,Outlet Stores,1984-03-24,USNS Evans FPO AP 55314,Pamelaview,Delaware,British Virgin Islands,West,Valerie
The Modern Finds,Outlet Stores,2020-12-12,34572 Jones Station East Jennifer  OR 89352,West Brian,Illinois,Cook Islands,North,Brandy
The Golden Corner,MBO,2009-08-13,PSC 5763  Box 6191 APO AE 24200,Blairtown,Washington,Mozambique,East,Christopher
The Unique Marvels,SMB,1983-04-30,041 Lewis Crossing Apt. 325 East Christinefurt  AS 82691,Port Debra,Louisiana,Macao,East,Roger
The Rustic Quest,Outlet Stores,2006-02-12,49487 Brian Mount East Alexandrabury  GA 89595,West Robertfort,Missouri,French Guiana,North,Jennifer
The Majestic Perfection,Exclusive,1977-10-03,78490 Ashley View Lake Stephanieberg  LA 38571,East Donna,Iowa,Bulgaria,South,Jose
The Modern Loft,Exclusive,1980-07-05,03017 Jason Harbor Apt. 218 Cassiehaven  CO 15657,Michellechester,New Mexico,British Virgin Islands,South,Jeffery
The Dapper Treasures,MBO,1989-10-14,221 Watts Mountain New Stephanie  RI 21713,South Carolynview,Louisiana,Lao People's Democratic Republic,South,Margaret
The Urban Emporium,SMB,2006-01-13,54094 Joe Camp Lake Annafort  NY 30607,New Margaret,Utah,Niue,West,Bryan
The Radiant Finds,Exclusive,1992-01-03,Unit 5142 Box 7573 DPO AE 96493,New Ashley,Massachusetts,Sierra Leone,East,Holly
The Luxe Elegance,MBO,2010-11-16,PSC 5315  Box 7779 APO AP 46455,South Alexa,Montana,Tonga,South,Sandra
The Blissful Essentials,SMB,1981-12-29,PSC 2924  Box 4884 APO AA 95001,Sanchezhaven,Delaware,Antarctica (the territory South of 60 deg S),North,Ronald
The Golden Quest,Exclusive,1986-07-02,2274 Grimes Key Apt. 045 South Sarahfurt  MS 67448,Mariaside,New Jersey,India,West,Samantha
The Radiant Perfection,Exclusive,1986-01-09,7512 Andrew Camp Apt. 509 Leeton  TN 20824,Cruzmouth,Arizona,Wallis and Futuna,South,Kimberly
The Golden Creations,Exclusive,1992-12-19,692 Carney Flats North Jennifer  NY 35870,Mcdowellville,Virginia,Honduras,South,Courtney
The Modern Finds,Exclusive,2000-11-18,530 Jordan Pine Apt. 454 Mooreshire  SC 22846,West Kevin,Alaska,Guam,East,Matthew
The Stylish Closet,Outlet Stores,1991-04-22,43872 Chan Fords Nathanburgh  VI 42096,East Ronald,Nevada,United Kingdom,East,Melissa
The Timeless Shop,SMB,2012-02-20,324 Ronald Cove Suite 292 Danielfort  KY 74997,South Joseph,South Carolina,Morocco,East,Jon
The Enchanted Emporium,Exclusive,1979-11-07,9372 Stephanie Curve Suite 886 Angelaberg  DE 02053,East Thomas,Hawaii,United States Minor Outlying Islands,East,Jill
The Majestic Marketplace,Exclusive,2024-03-18,178 Dunn Flats Vaughnville  MN 09323,Ruizstad,New Mexico,Korea,East,Joseph
The Whimsy Emporium,Exclusive,1992-02-10,88026 Blackwell Ports Suite 221 South Amandaville  IN 96892,Amandaport,Connecticut,Macao,North,Stephen
The Elegant Avenue,MBO,2011-11-10,16737 Jillian Park Apt. 899 North Matthew  CT 15243,Carolynmouth,Wyoming,Dominican Republic,West,Hannah
The Chic Reflections,Exclusive,1982-11-23,044 Zhang Mall Apt. 118 East Breanna  NJ 87983,New Edwin,Mississippi,Nicaragua,North,Natalie
The Shimmer Sanctuary,Exclusive,1989-09-22,02552 Shawn Walk Bowenstad  FM 33725,Petersonton,Georgia,Cyprus,North,Nancy
The Enchanted Marketplace,Outlet Stores,1989-12-29,7746 Walker Courts Jamesborough  WI 49824,New Jessica,Florida,Cuba,West,Elizabeth
The Elegant Closet,Outlet Stores,2010-06-22,241 Cain Plaza Gonzalezborough  KS 92874,Andrewfort,Connecticut,Kazakhstan,South,Christina
The Classy Shop,MBO,1981-04-12,292 Munoz Terrace Apt. 328 East Alexandra  AZ 65940,East Cesar,Missouri,North Macedonia,North,Mikayla
The Trendy Merchant,SMB,2011-06-08,322 Ortiz Mountains Suite 050 South Cynthia  WV 08759,New Tonya,Nevada,Botswana,North,Eric
The Serene Oasis,MBO,1988-04-06,5306 Timothy Falls North Josephburgh  ID 32935,North Angela,West Virginia,Eritrea,North,Victoria
The Luxe Finds,Outlet Stores,2007-12-08,Unit 9751 Box 7040 DPO AE 17275,Michelleland,California,Belarus,West,Jeanette
The Luxe Loft,Outlet Stores,1991-12-31,Unit 1157 Box 3039 DPO AA 95778,Kellyborough,Oklahoma,Turks and Caicos Islands,East,Bethany
The Shimmer Reflections,MBO,2021-09-17,3627 Austin Turnpike Apt. 755 Heidiport  AL 62706,Cabreraside,Arizona,Armenia,West,Albert
The Stylish Loft,Exclusive,2011-08-14,USS Sutton FPO AE 64369,Port Lindastad,Oklahoma,Togo,North,Alec
The Radiant Marketplace,MBO,1996-01-04,122 Brown Parkway Apt. 809 Chenchester  NM 39562,Mortonville,West Virginia,Panama,North,Sabrina
The Classy Loft,Exclusive,1997-03-06,782 Morton Brook Jessicaview  PW 42769,Victoriafort,Kansas,Malta,East,David
The Radiant Shoppe,Outlet Stores,1990-02-17,843 Bradley Centers Apt. 901 Amandaview  DC 58449,West Shellyhaven,Rhode Island,Central African Republic,West,Kimberly
The Whimsy Sanctuary,SMB,1980-06-01,757 Davis Fall South Jennifer  GU 77546,New Jasonberg,Wisconsin,Wallis and Futuna,East,Sylvia
The Timeless Marketplace,MBO,2021-06-06,233 Powers Course Franklinchester  FL 56871,Griffinshire,Rhode Island,Moldova,South,Jill
The Majestic Finds,MBO,1992-06-18,20685 Ramos Common Suite 756 Thompsonmouth  UT 61012,South Shawn,Indiana,Saint Helena,West,Connie
The Harmony Treasures,MBO,2001-03-04,482 Kelly Crossroad Suite 605 North Kennethburgh  NH 20778,New Brianville,Washington,Nicaragua,North,Meghan
The Timeless Shoppe,Outlet Stores,2023-06-29,533 Johnson Overpass Suite 119 West Aaron  AZ 82736,Vasquezshire,Iowa,North Macedonia,West,Jeffrey
The Luxe Shop,SMB,1971-06-02,44527 Kathleen Rue Ronnieton  LA 12629,Johnsonport,Kansas,Cayman Islands,South,Raymond
The Radiant Nook,SMB,2003-01-07,225 Roberto Lock Zacharyside  VT 71765,Johnsonmouth,Maine,Oman,South,Angela
The Happy Closet,Exclusive,1976-09-10,39810 Andrew Mill Port Donald  VT 06209,North Candace,North Carolina,Saint Barthelemy,West,James
The Chic Hub,Exclusive,1992-02-08,24389 Turner Bypass Suite 983 Derekport  OK 22879,East Jamieton,Idaho,Jersey,North,Matthew
The Elegant Quest,MBO,2010-04-28,163 Gabriel Path Suite 154 Lisaton  WV 04327,South Brendaville,Georgia,Belarus,North,Brooke
The Golden Deals,Outlet Stores,1994-08-23,34499 Stephanie Pine Brookston  OR 35523,Catherineport,Illinois,Nepal,South,Brandon
